id,cpu_pct,pred_prob,pred_label,true_label
11,6.3,0.7484871745109558,1,1
15,6.4,0.8013011813163757,1,1
16,8.5,0.7881642580032349,1,1
18,0.0,0.5965667963027954,1,1
27,3.3,0.884755551815033,1,1
28,4.3,0.6735177636146545,1,1
34,5.4,0.5565615296363831,1,1
44,9.0,0.8007276058197021,1,1
57,9.4,0.632879376411438,1,1
71,20.0,0.908702552318573,1,1
75,3.6,0.07717009633779526,0,1
89,6.5,0.719650149345398,1,1
90,11.1,0.8163058757781982,1,1
115,13.3,0.9230802655220032,1,1
124,2.9,0.4514017403125763,0,1
126,11.8,0.3523913025856018,0,1
128,8.8,0.9212884902954102,1,1
129,7.1,0.7355003356933594,1,1
140,4.7,0.7968857288360596,1,1
143,7.1,0.8579001426696777,1,1
145,6.1,0.8038280606269836,1,1
147,2.1,0.8741824626922607,1,1
152,5.1,0.2112000733613968,0,1
154,34.5,0.6611390113830566,1,1
165,9.7,0.8964436054229736,1,1
170,0.0,0.6327115297317505,1,1
171,7.9,0.6657640337944031,1,1
183,5.8,0.7882357239723206,1,1
184,3.8,0.6533095836639404,1,1
186,29.5,0.9325421452522278,1,1
191,12.5,0.9339503049850464,1,1
194,8.3,0.9072678685188293,1,1
219,5.3,0.659720242023468,1,1
220,26.3,0.5700493454933167,1,1
223,1.3,0.5663880705833435,1,1
224,4.2,0.671363115310669,1,1
238,12.5,0.8797035813331604,1,1
240,41.5,0.763271152973175,1,1
242,0.0,0.7392972707748413,1,1
243,7.9,0.9033093452453613,1,1
244,5.6,0.9555551409721375,1,1
249,7.4,0.7533193230628967,1,1
256,3.5,0.6395927667617798,1,1
262,15.9,0.6566160917282104,1,1
264,3.8,0.6566160917282104,1,1
268,7.4,0.7009769082069397,1,1
270,3.7,0.9631212949752808,1,1
272,14.6,0.8274609446525574,1,1
273,1.7,0.9544134140014648,1,1
277,15.4,0.7815613150596619,1,1
279,2.9,0.9333345293998718,1,1
284,6.3,0.7240927219390869,1,1
287,7.3,0.9668470621109009,1,1
295,3.7,0.715368390083313,1,1
296,0.0,0.8335056304931641,1,1
297,38.8,0.60897296667099,1,1
298,6.9,0.5329691171646118,1,1
305,8.2,0.9236844778060913,1,1
307,34.3,0.9236844778060913,1,1
310,6.9,0.9236844778060913,1,1
312,6.8,0.9236844778060913,1,1
320,4.9,0.6666865348815918,1,1
322,17.8,0.06784093379974365,0,1
325,8.5,0.7535346150398254,1,1
339,4.3,0.7539907097816467,1,1
340,9.3,0.8435766100883484,1,1
344,4.5,0.8082378506660461,1,1
359,4.3,0.5391217470169067,1,1
365,11.4,0.6441423892974854,1,1
366,6.7,0.918753445148468,1,1
371,1.7,0.04024422913789749,0,1
375,4.1,0.8296775221824646,1,1
380,12.9,0.21527037024497986,0,1
387,8.9,0.6483216285705566,1,1
390,5.0,0.7327115535736084,1,1
404,6.2,0.37907013297080994,0,1
406,9.8,0.37907013297080994,0,1
419,8.0,0.13521212339401245,0,1
421,12.5,0.21527037024497986,0,1
422,12.5,0.21527037024497986,0,1
423,7.7,0.422559916973114,0,1
430,8.3,0.6991451978683472,1,1
441,1.6,0.2964783310890198,0,1
443,11.3,0.9839964509010315,1,1
452,20.3,0.6737415790557861,1,1
464,4.9,0.9333345293998718,1,1
470,1.8,0.08920416980981827,0,1
479,1.9,0.7690938115119934,1,1
480,12.8,0.7677562832832336,1,1
489,6.1,0.12692832946777344,0,1
490,14.9,0.33325135707855225,0,1
492,14.9,0.8546110987663269,1,1
494,0.0,0.7485482692718506,1,1
498,7.8,0.7108632922172546,1,1
501,20.0,0.6623708605766296,1,1
505,7.9,0.8042498826980591,1,1
506,6.7,0.46614405512809753,0,1
507,16.7,0.6788713932037354,1,1
519,17.1,0.8339933156967163,1,1
521,4.9,0.8698528409004211,1,1
526,17.2,0.08920416980981827,0,1
527,22.2,0.08920416980981827,0,1
529,5.5,0.7601519227027893,1,1
536,14.7,0.6606802940368652,1,1
553,7.7,0.7628260850906372,1,1
556,13.0,0.7628260850906372,1,1
558,2.4,0.934011697769165,1,1
584,34.8,0.8968477249145508,1,1
588,24.6,0.8369997143745422,1,1
589,9.9,0.3727833032608032,0,1
598,9.3,0.7788928151130676,1,1
599,2.9,0.7925117611885071,1,1
600,9.1,0.40812042355537415,0,1
607,8.8,0.7513930797576904,1,1
609,3.4,0.663794994354248,1,1
614,7.7,0.8026944398880005,1,1
615,14.3,0.4748935103416443,0,1
626,1.8,0.7968857288360596,1,1
627,16.7,0.8091980218887329,1,1
640,8.8,0.8085675835609436,1,1
643,30.0,0.6906332969665527,1,1
648,16.3,0.908702552318573,1,1
652,7.3,0.7498995065689087,1,1
656,44.4,0.8400112986564636,1,1
657,13.2,0.9480295181274414,1,1
662,8.1,0.6821900010108948,1,1
672,0.0,0.9212884902954102,1,1
677,9.1,0.525618314743042,1,1
680,6.8,0.8619074821472168,1,1
681,15.4,0.3445456624031067,0,1
684,10.7,0.8141736388206482,1,1
691,5.3,0.33335480093955994,0,1
692,10.5,0.8603386282920837,1,1
698,6.0,0.758689820766449,1,1
709,2.0,0.6562421917915344,1,1
717,1.8,0.7753658294677734,1,1
722,30.8,0.19604700803756714,0,1
725,9.1,0.48721152544021606,0,1
729,3.6,0.8022135496139526,1,1
731,14.3,0.6245085597038269,1,1
732,11.4,0.8655750751495361,1,1
746,2.2,0.23781466484069824,0,1
755,2.6,0.9540002346038818,1,1
757,5.5,0.7252172827720642,1,1
770,10.4,0.7753474712371826,1,1
778,4.1,0.9228607416152954,1,1
783,15.6,0.8297512531280518,1,1
784,6.1,0.8075577020645142,1,1
790,7.1,0.7785059809684753,1,1
797,5.0,0.6212741732597351,1,1
807,14.8,0.8906676173210144,1,1
808,3.0,0.8254567384719849,1,1
813,7.7,0.7782748937606812,1,1
816,2.2,0.8234827518463135,1,1
817,6.0,0.07988514006137848,0,1
829,13.3,0.7647374272346497,1,1
838,10.4,0.37907013297080994,0,1
840,7.4,0.216509610414505,0,1
843,5.6,0.7084061503410339,1,1
844,9.2,0.7938992977142334,1,1
849,4.1,0.6644254922866821,1,1
851,3.9,0.7917712926864624,1,1
857,6.8,0.7868057489395142,1,1
861,10.7,0.797626256942749,1,1
864,5.0,0.15961183607578278,0,1
870,2.6,0.8343421220779419,1,1
875,10.2,0.5971214175224304,1,1
882,0.0,0.9289438128471375,1,1
886,10.8,0.6499290466308594,1,1
888,4.5,0.27671441435813904,0,1
889,5.2,0.6044498682022095,1,1
890,23.9,0.8770567774772644,1,1
896,4.5,0.7519930601119995,1,1
901,6.9,0.7031102776527405,1,1
903,5.2,0.8709093332290649,1,1
904,6.8,0.2239166647195816,0,1
907,4.8,0.37907013297080994,0,1
911,4.6,0.9259609580039978,1,1
912,5.5,0.4095502197742462,0,1
915,14.7,0.812735378742218,1,1
919,6.7,0.6317054629325867,1,1
920,31.8,0.798052191734314,1,1
922,10.7,0.6780308485031128,1,1
923,5.0,0.738602340221405,1,1
924,5.2,0.784756064414978,1,1
925,5.6,0.904981255531311,1,1
926,6.3,0.7578751444816589,1,1
929,6.6,0.6128595471382141,1,1
931,11.5,0.7318950891494751,1,1
935,7.1,0.868516743183136,1,1
941,8.7,0.7655131220817566,1,1
946,7.7,0.5992722511291504,1,1
949,2.8,0.9381083846092224,1,1
953,8.3,0.8747109174728394,1,1
961,11.3,0.6449734568595886,1,1
969,12.5,0.7793221473693848,1,1
972,7.9,0.6683019995689392,1,1
974,3.9,0.7520421743392944,1,1
977,0.0,0.7428973913192749,1,1
978,6.6,0.7889232635498047,1,1
983,0.0,0.7656576037406921,1,1
985,8.9,0.7438107132911682,1,1
998,9.1,0.8042075037956238,1,1
1001,11.1,0.37907013297080994,0,1
1003,40.6,0.37907013297080994,0,1
1008,3.8,0.34112441539764404,0,1
1012,5.9,0.2738931179046631,0,1
1015,9.2,0.47582995891571045,0,1
1016,1.2,0.7640224099159241,1,1
1019,1.7,0.4867570102214813,0,1
1028,7.8,0.8307158350944519,1,1
1029,13.9,0.21615034341812134,0,1
1032,6.2,0.6746850609779358,1,1
1048,1.5,0.6825944781303406,1,1
1049,6.8,0.12249727547168732,0,1
1051,3.0,0.6669354438781738,1,1
1058,5.6,0.8668567538261414,1,1
1073,2.8,0.21349820494651794,0,1
1077,6.3,0.6605865359306335,1,1
1079,21.2,0.7375955581665039,1,1
1083,11.3,0.649778425693512,1,1
1086,15.1,0.37907013297080994,0,1
1089,3.4,0.767418384552002,1,1
1094,18.2,0.34650537371635437,0,1
1096,6.9,0.08920416980981827,0,1
1098,17.4,0.08920416980981827,0,1
1106,5.7,0.9055403470993042,1,1
1119,0.0,0.6731905937194824,1,1
1124,3.3,0.7797471880912781,1,1
1131,0.0,0.5110392570495605,1,1
1141,7.7,0.6666865348815918,1,1
1151,3.1,0.8840273022651672,1,1
1158,19.0,0.6508639454841614,1,1
1161,4.1,0.40397414565086365,0,1
1164,0.0,0.6807117462158203,1,1
1170,19.2,0.039621707051992416,0,1
1181,9.8,0.3163782060146332,0,1
1182,7.0,0.23380085825920105,0,1
1184,15.6,0.8076639771461487,1,1
1186,26.7,0.5317808389663696,1,1
1187,6.7,0.37907013297080994,0,1
1191,34.8,0.666396975517273,1,1
1192,13.7,0.6719628572463989,1,1
1209,22.8,0.6767066121101379,1,1
1211,23.8,0.6737104058265686,1,1
1216,1.9,0.6383589506149292,1,1
1225,6.3,0.8673907518386841,1,1
1231,6.5,0.7756978273391724,1,1
1232,31.6,0.5683332085609436,1,1
1235,20.7,0.6783265471458435,1,1
1243,4.0,0.5729202032089233,1,1
1248,19.4,0.883848249912262,1,1
1251,0.8,0.17851902544498444,0,1
1256,17.1,0.6342897415161133,1,1
1260,16.7,0.6478222608566284,1,1
1262,4.8,0.6724129915237427,1,1
1264,6.0,0.6470783352851868,1,1
1268,5.9,0.37907013297080994,0,1
1269,4.3,0.5108097791671753,1,1
1270,15.0,0.8072517514228821,1,1
1273,3.4,0.8066997528076172,1,1
1283,12.9,0.808928370475769,1,1
1292,11.9,0.7954221367835999,1,1
1301,100.0,0.7999904155731201,1,1
1305,6.7,0.8113514184951782,1,1
1307,7.2,0.7749511003494263,1,1
1311,12.5,0.5729202032089233,1,1
1312,9.5,0.7338315844535828,1,1
1325,9.4,0.6733867526054382,1,1
1326,6.4,0.2710477113723755,0,1
1342,9.4,0.3072323203086853,0,1
1353,23.2,0.3848664164543152,0,1
1356,24.1,0.3048548102378845,0,1
1357,2.4,0.2538793981075287,0,1
1366,2.5,0.8275711536407471,1,1
1367,0.0,0.13018019497394562,0,1
1370,4.8,0.6119909286499023,1,1
1371,4.8,0.9178251028060913,1,1
1375,11.1,0.7910464406013489,1,1
1378,11.3,0.7982378602027893,1,1
1384,3.7,0.7813406586647034,1,1
1397,9.4,0.8794368505477905,1,1
1398,0.0,0.6603853106498718,1,1
1404,4.3,0.6494383811950684,1,1
1409,1.6,0.517972469329834,1,1
1411,3.2,0.36473700404167175,0,1
1423,6.0,0.8622779250144958,1,1
1425,3.8,0.862659215927124,1,1
1435,7.7,0.6443271636962891,1,1
1436,11.6,0.7850658297538757,1,1
1447,39.4,0.6063878536224365,1,1
1449,3.4,0.8288293480873108,1,1
1450,7.7,0.4865978956222534,0,1
1451,3.1,0.778114378452301,1,1
1462,2.3,0.9288190007209778,1,1
1464,5.2,0.6305862665176392,1,1
1466,3.1,0.6415550708770752,1,1
1471,2.3,0.8090238571166992,1,1
1473,0.0,0.8075878024101257,1,1
1475,4.8,0.48937490582466125,0,1
1478,8.9,0.6799706220626831,1,1
1481,6.8,0.8453471660614014,1,1
1485,7.7,0.7870896458625793,1,1
1499,18.9,0.8084582686424255,1,1
1504,0.0,0.6441423892974854,1,1
1514,1.1,0.13418613374233246,0,1
1517,3.1,0.7679660320281982,1,1
1521,5.8,0.6769464015960693,1,1
1522,9.7,0.6767112016677856,1,1
1526,11.5,0.9197841882705688,1,1
1534,19.6,0.6159291863441467,1,1
1539,6.2,0.7364792823791504,1,1
1541,1.6,0.7129023671150208,1,1
1547,3.3,0.37907013297080994,0,1
1553,1.5,0.37907013297080994,0,1
1554,7.8,0.37907013297080994,0,1
1560,7.7,0.5565615296363831,1,1
1564,22.4,0.10713094472885132,0,1
1573,5.4,0.5351928472518921,1,1
1580,10.4,0.6746008992195129,1,1
1581,1.7,0.6489112973213196,1,1
1587,7.9,0.9528467059135437,1,1
1590,5.3,0.6770469546318054,1,1
1591,12.8,0.435163676738739,0,1
1601,7.1,0.8710163235664368,1,1
1609,8.0,0.6935959458351135,1,1
1611,15.8,0.6433184146881104,1,1
1612,11.5,0.6331042647361755,1,1
1620,10.2,0.6737111806869507,1,1
1625,3.3,0.6775142550468445,1,1
1627,7.5,0.9260658025741577,1,1
1630,6.8,0.6222634315490723,1,1
1635,1.5,0.5351928472518921,1,1
1636,6.4,0.6063878536224365,1,1
1637,6.2,0.9164164662361145,1,1
1644,0.0,0.5427829623222351,1,1
1645,7.0,0.6627715229988098,1,1
1652,40.9,0.5046651363372803,1,1
1654,5.0,0.5351928472518921,1,1
1657,7.7,0.5351928472518921,1,1
1664,7.0,0.6721788048744202,1,1
1677,0.9,0.6237836480140686,1,1
1686,5.2,0.5752666592597961,1,1
1689,11.3,0.6770469546318054,1,1
1694,7.7,0.6546758413314819,1,1
1698,1.5,0.6869947910308838,1,1
1706,4.1,0.655559778213501,1,1
1708,6.1,0.3644871115684509,0,1
1711,5.7,0.3195672631263733,0,1
1714,1.8,0.862399160861969,1,1
1716,15.9,0.35009557008743286,0,1
1719,10.2,0.7277959585189819,1,1
1723,5.0,0.6617746949195862,1,1
1725,17.5,0.7566648125648499,1,1
1735,10.1,0.4921686053276062,0,1
1748,11.9,0.3045613765716553,0,1
1751,4.3,0.27027052640914917,0,1
1761,20.0,0.3677121698856354,0,1
1764,5.1,0.360746830701828,0,1
1767,6.6,0.8069164752960205,1,1
1771,8.0,0.1906699240207672,0,1
1772,6.8,0.761141836643219,1,1
1773,18.5,0.7347844243049622,1,1
1776,14.5,0.6643528342247009,1,1
1782,4.5,0.671952486038208,1,1
1784,25.0,0.8098422288894653,1,1
1789,9.1,0.5351928472518921,1,1
1801,27.0,0.8109636306762695,1,1
1802,20.5,0.2439444214105606,0,1
1810,4.7,0.2235458642244339,0,1
1813,12.3,0.24297380447387695,0,1
1814,5.8,0.2270238697528839,0,1
1819,9.1,0.6908684372901917,1,1
1827,8.5,0.9006083607673645,1,1
1854,0.0,0.8172281980514526,1,1
1859,1.8,0.6430777907371521,1,1
1869,7.7,0.6724033355712891,1,1
1871,12.9,0.6724033355712891,1,1
1872,11.1,0.6779259443283081,1,1
1873,21.1,0.6787615418434143,1,1
1874,31.2,0.7285573482513428,1,1
1876,4.5,0.755743145942688,1,1
1878,11.1,0.6702888607978821,1,1
1881,6.5,0.912185549736023,1,1
1882,6.2,0.5692047476768494,1,1
1884,4.2,0.7786251902580261,1,1
1887,0.0,0.7431557774543762,1,1
1893,10.0,0.7857824563980103,1,1
1895,11.5,0.6695182919502258,1,1
1902,7.7,0.6619528532028198,1,1
1907,2.0,0.3183155357837677,0,1
1909,1.7,0.7622802257537842,1,1
1912,17.6,0.6706504821777344,1,1
1935,14.9,0.6449984312057495,1,1
1938,16.7,0.676848828792572,1,1
1939,6.1,0.6767691969871521,1,1
1940,20.0,0.6753275990486145,1,1
1942,1.8,0.6468496918678284,1,1
1944,0.0,0.6807117462158203,1,1
1956,5.5,0.30477985739707947,0,1
1960,16.2,0.7889808416366577,1,1
1961,2.9,0.6768858432769775,1,1
1964,3.6,0.7398698925971985,1,1
1966,14.3,0.5581797361373901,1,1
1968,0.0,0.08770319074392319,0,1
1972,8.3,0.005944517441093922,0,1
1975,33.3,0.18280012905597687,0,1
1977,3.2,0.8820481300354004,1,1
1979,14.3,0.6783265471458435,1,1
1983,11.9,0.7075504660606384,1,1
1985,10.7,0.6489177346229553,1,1
1986,8.5,0.6770731210708618,1,1
1987,1.6,0.7607287168502808,1,1
2011,8.9,0.7801317572593689,1,1
2014,9.6,0.5679646730422974,1,1
2017,7.1,0.6770731210708618,1,1
2019,3.3,0.6494383811950684,1,1
2028,4.5,0.46942779421806335,0,1
2031,5.3,0.6390392780303955,1,1
2035,6.2,0.8672978281974792,1,1
2037,5.4,0.777409017086029,1,1
2038,23.4,0.8532683253288269,1,1
2042,1.7,0.8638622164726257,1,1
2044,0.0,0.8543212413787842,1,1
2048,4.4,0.8704631924629211,1,1
2051,2.6,0.6379138827323914,1,1
2052,8.0,0.7684179544448853,1,1
2053,14.5,0.8069164752960205,1,1
2056,10.1,0.6327115297317505,1,1
2059,13.3,0.6741466522216797,1,1
2062,24.4,0.9262936115264893,1,1
2068,12.1,0.07071961462497711,0,1
2074,10.0,0.7704654932022095,1,1
2076,0.0,0.07071961462497711,0,1
2077,5.9,0.8058412671089172,1,1
2080,4.9,0.8567543625831604,1,1
2081,3.6,0.9165937304496765,1,1
2091,4.4,0.6788362860679626,1,1
2095,15.7,0.64006108045578,1,1
2099,2.9,0.5651837587356567,1,1
2105,19.7,0.8488152027130127,1,1
2112,4.7,0.675481915473938,1,1
2117,1.6,0.8890075087547302,1,1
2118,5.5,0.7907877564430237,1,1
2123,10.3,0.7893682718276978,1,1
2146,7.0,0.9289481043815613,1,1
2148,16.7,0.7801265716552734,1,1
2155,19.6,0.9904769062995911,1,1
2156,0.0,0.8791043162345886,1,1
2158,23.0,0.7989012002944946,1,1
2159,11.1,0.833417534828186,1,1
2163,5.7,0.28270453214645386,0,1
2169,2.7,0.7726155519485474,1,1
2170,0.0,0.6771772503852844,1,1
2172,3.5,0.7549285292625427,1,1
2176,6.9,0.7697102427482605,1,1
2181,7.7,0.6676576733589172,1,1
2182,25.9,0.6890496015548706,1,1
2185,0.0,0.7793221473693848,1,1
2186,100.0,0.8604277968406677,1,1
2197,7.7,0.5212510228157043,1,1
2206,6.6,0.8033694624900818,1,1
2209,7.5,0.8569484949111938,1,1
2226,17.6,0.8111625909805298,1,1
2229,8.7,0.7996978163719177,1,1
2230,9.5,0.7458683848381042,1,1
2237,2.8,0.5166799426078796,1,1
2240,5.9,0.8998525738716125,1,1
2253,3.8,0.6342120170593262,1,1
2258,11.4,0.6585889458656311,1,1
2261,4.1,0.9904678463935852,1,1
2280,6.6,0.6779259443283081,1,1
2284,9.3,0.8025320768356323,1,1
2296,8.7,0.6779259443283081,1,1
2300,3.5,0.9903443455696106,1,1
2306,3.8,0.8704743981361389,1,1
2313,100.0,0.6084660887718201,1,1
2330,4.5,0.47042709589004517,0,1
2338,2.6,0.671952486038208,1,1
2339,11.8,0.10211102664470673,0,1
2341,8.8,0.8288995027542114,1,1
2345,4.8,0.980060338973999,1,1
2350,5.2,0.7762729525566101,1,1
2361,5.5,0.7835261821746826,1,1
2363,6.1,0.7967544794082642,1,1
2364,11.1,0.6507925391197205,1,1
2381,0.0,0.8083887100219727,1,1
2387,11.1,0.7985814809799194,1,1
2390,14.3,0.7565897107124329,1,1
2391,3.6,0.2618032991886139,0,1
2394,9.1,0.9169677495956421,1,1
2395,6.8,0.2796232998371124,0,1
2397,2.9,0.7600889205932617,1,1
2398,14.0,0.7241362929344177,1,1
2402,17.6,0.6646715998649597,1,1
2410,3.6,0.7731643319129944,1,1
2415,0.0,0.812138020992279,1,1
2418,13.0,0.8927602171897888,1,1
2430,13.3,0.6627358198165894,1,1
2432,5.2,0.6585889458656311,1,1
2443,9.4,0.45377886295318604,0,1
2445,3.5,0.7826131582260132,1,1
2462,5.7,0.6665635704994202,1,1
2463,3.7,0.9068264961242676,1,1
2466,17.5,0.7933863997459412,1,1
2476,6.2,0.7227044701576233,1,1
2488,0.0,0.7600077390670776,1,1
2494,3.6,0.18520724773406982,0,1
2501,4.9,0.6222634315490723,1,1
2504,15.8,0.11577113717794418,0,1
2511,8.6,0.885277509689331,1,1
2525,3.1,0.8691132068634033,1,1
2528,9.4,0.7922704815864563,1,1
2537,6.1,0.637328028678894,1,1
2541,3.4,0.6483216285705566,1,1
2547,18.2,0.8717494606971741,1,1
2552,7.8,0.8774121403694153,1,1
2553,25.6,0.6752837300300598,1,1
2560,8.3,0.10508062690496445,0,1
2570,9.5,0.7997303009033203,1,1
2575,8.5,0.7849149107933044,1,1
2578,4.2,0.35963723063468933,0,1
2580,25.0,0.8123629689216614,1,1
2581,10.0,0.6333764791488647,1,1
2597,7.6,0.925266683101654,1,1
2618,7.7,0.04665570333600044,0,1
2639,5.7,0.7004372477531433,1,1
2645,19.3,0.8424240946769714,1,1
2646,13.0,0.9040700793266296,1,1
2649,10.9,0.19824618101119995,0,1
2653,16.7,0.9137004613876343,1,1
2654,8.8,0.7321286201477051,1,1
2656,4.7,0.7106412053108215,1,1
2657,4.2,0.7277959585189819,1,1
2658,26.2,0.6773949861526489,1,1
2660,25.0,0.9063605070114136,1,1
2662,12.2,0.8844317197799683,1,1
2665,7.7,0.8860403895378113,1,1
2669,38.5,0.7451465725898743,1,1
2670,1.7,0.7451465725898743,1,1
2671,6.7,0.42572253942489624,0,1
2672,3.0,0.9203654527664185,1,1
2676,7.5,0.6163809299468994,1,1
2686,3.2,0.9209563136100769,1,1
2693,12.9,0.9616004824638367,1,1
2705,1.7,0.9101381301879883,1,1
2708,7.3,0.830819308757782,1,1
2710,5.7,0.6340083479881287,1,1
2713,5.6,0.61122727394104,1,1
2722,19.5,0.7559749484062195,1,1
2747,23.5,0.8919143080711365,1,1
2749,5.9,0.7893682718276978,1,1
2756,18.6,0.8179582953453064,1,1
2764,22.6,0.6511483788490295,1,1
2773,3.4,0.9228607416152954,1,1
2774,10.0,0.7382192611694336,1,1
2776,5.5,0.8067123293876648,1,1
2778,9.3,0.9118940830230713,1,1
2779,17.1,0.8883846402168274,1,1
2780,3.3,0.9228607416152954,1,1
2796,5.3,0.6652022004127502,1,1
2799,6.3,0.952041745185852,1,1
2806,5.7,0.9582967162132263,1,1
2810,7.0,0.6710318922996521,1,1
2821,3.2,0.9292398691177368,1,1
2829,62.5,0.8558836579322815,1,1
2841,100.0,0.17814674973487854,0,1
2842,6.7,0.9847057461738586,1,1
2843,0.0,0.6539108753204346,1,1
2845,5.1,0.5843773484230042,1,1
2851,2.3,0.6322586536407471,1,1
2853,2.9,0.7444789409637451,1,1
2860,3.4,0.7658703923225403,1,1
2863,4.8,0.6787014603614807,1,1
2866,12.3,0.9137222766876221,1,1
2881,3.3,0.5102534294128418,1,1
2887,0.0,0.7524845600128174,1,1
2888,14.3,0.6476207375526428,1,1
2893,9.8,0.6447077393531799,1,1
2895,6.1,0.9570459127426147,1,1
2896,11.5,0.6447077393531799,1,1
2897,21.6,0.8759398460388184,1,1
2919,1.6,0.7858026623725891,1,1
2925,2.2,0.977351188659668,1,1
2931,8.6,0.6562421917915344,1,1
2934,10.3,0.4594677686691284,0,1
2936,1.9,0.6886323094367981,1,1
2937,3.3,0.6886323094367981,1,1
2938,0.0,0.6886323094367981,1,1
2940,5.2,0.22037865221500397,0,1
2941,8.2,0.4594677686691284,0,1
2949,8.1,0.6813027262687683,1,1
2950,17.1,0.6566658616065979,1,1
2959,2.6,0.5744101405143738,1,1
2962,24.1,0.7315950989723206,1,1
2964,8.5,0.6616151332855225,1,1
2965,12.7,0.6616151332855225,1,1
2966,4.1,0.7315950989723206,1,1
2967,9.1,0.6616151332855225,1,1
2969,3.8,0.5715580582618713,1,1
2971,14.3,0.7396246194839478,1,1
2977,0.0,0.5744101405143738,1,1
2984,0.0,0.42581412196159363,0,1
2987,20.5,0.762527346611023,1,1
2988,20.6,0.7583757042884827,1,1
2994,7.4,0.807840883731842,1,1
2999,12.8,0.8906311988830566,1,1
3009,28.8,0.5722978115081787,1,1
3010,4.8,0.20370319485664368,0,1
3028,4.6,0.4434833228588104,0,1
3036,7.0,0.7680712938308716,1,1
3049,5.9,0.7940903902053833,1,1
3066,0.0,0.666962206363678,1,1
3068,2.0,0.9840009212493896,1,1
3075,8.1,0.7416561841964722,1,1
3076,9.5,0.7416561841964722,1,1
3081,30.1,0.48465481400489807,0,1
3087,1.6,0.8176172375679016,1,1
3092,3.9,0.7946692109107971,1,1
3096,14.9,0.6566658616065979,1,1
3102,1.4,0.8228604197502136,1,1
3113,83.3,0.48595964908599854,0,1
3121,4.4,0.7618309259414673,1,1
3124,0.0,0.7751071453094482,1,1
3138,5.6,0.5744101405143738,1,1
3141,3.8,0.266835480928421,0,1
3144,0.0,0.5744101405143738,1,1
3156,12.3,0.8573471903800964,1,1
3158,17.8,0.6087232828140259,1,1
3159,5.0,0.6087232828140259,1,1
3161,18.7,0.5744101405143738,1,1
3164,2.6,0.6559118628501892,1,1
3175,11.1,0.17754438519477844,0,1
3176,21.8,0.7252721190452576,1,1
3177,0.0,0.5744101405143738,1,1
3178,9.3,0.8682557940483093,1,1
3182,11.9,0.5744101405143738,1,1
3188,6.3,0.6447077393531799,1,1
3190,3.5,0.5744101405143738,1,1
3195,8.9,0.7888143062591553,1,1
3197,6.2,0.8088973164558411,1,1
3212,5.0,0.4534277021884918,0,1
3213,32.1,0.45269089937210083,0,1
3214,17.8,0.9635331630706787,1,1
3217,0.0,0.626892626285553,1,1
3218,4.3,0.627701461315155,1,1
3220,22.8,0.6473069190979004,1,1
3243,14.7,0.6087232828140259,1,1
3246,13.4,0.6087232828140259,1,1
3248,9.8,0.6826469302177429,1,1
3253,21.1,0.7480672597885132,1,1
3256,3.8,0.8968477249145508,1,1
3261,13.5,0.8316259384155273,1,1
3262,25.0,0.8845146894454956,1,1
3266,17.6,0.9238947033882141,1,1
3267,2.4,0.7975704669952393,1,1
3268,25.5,0.8804274797439575,1,1
3271,22.2,0.8845146894454956,1,1
3289,4.8,0.867575466632843,1,1
3296,14.0,0.7498995065689087,1,1
3301,10.8,0.7865026593208313,1,1
3308,17.6,0.8096268773078918,1,1
3322,2.3,0.3282806873321533,0,1
3340,12.0,0.6708638668060303,1,1
3341,8.6,0.8022130131721497,1,1
3346,12.0,0.6742610931396484,1,1
3354,6.8,0.8845146894454956,1,1
3358,23.6,0.8445411920547485,1,1
3359,4.5,0.9285934567451477,1,1
3362,100.0,0.9653645753860474,1,1
3364,13.9,0.9652038216590881,1,1
3365,6.1,0.8845146894454956,1,1
3367,19.6,0.9022517800331116,1,1
3371,0.0,0.6764401793479919,1,1
3377,8.7,0.6631169319152832,1,1
3384,6.0,0.7184845805168152,1,1
3388,0.8,0.8339665532112122,1,1
3395,12.3,0.8845146894454956,1,1
3398,4.3,0.8763051629066467,1,1
3402,7.8,0.7123687863349915,1,1
3406,2.2,0.50148606300354,1,1
3414,7.3,0.8007529377937317,1,1
3419,6.1,0.2306266725063324,0,1
3426,13.8,0.8845146894454956,1,1
3440,1.6,0.8845146894454956,1,1
3472,8.5,0.9639987945556641,1,1
3478,1.4,0.9066882729530334,1,1
3479,2.9,0.8021972179412842,1,1
3480,9.1,0.6616944074630737,1,1
3494,29.6,0.9758231043815613,1,1
3496,4.4,0.8598389029502869,1,1
3498,5.9,0.32417356967926025,0,1
3503,15.8,0.9668751955032349,1,1
3510,6.2,0.44012191891670227,0,1
3512,1.7,0.44012191891670227,0,1
3514,17.6,0.8054264783859253,1,1
3515,4.2,0.696182906627655,1,1
3516,7.9,0.6145643591880798,1,1
3534,28.2,0.7581036686897278,1,1
3536,4.7,0.2371186912059784,0,1
3552,0.0,0.336982786655426,0,1
3553,2.0,0.8346740007400513,1,1
3558,6.1,0.336982786655426,0,1
3560,8.1,0.955522894859314,1,1
3561,9.4,0.8279297351837158,1,1
3563,8.3,0.524285078048706,1,1
3565,3.2,0.3282768130302429,0,1
3567,0.0,0.7010331153869629,1,1
3569,2.8,0.7604823708534241,1,1
3575,25.0,0.8107145428657532,1,1
3580,9.8,0.9204428791999817,1,1
3588,27.9,0.6787211894989014,1,1
3589,4.6,0.3282768130302429,0,1
3590,10.0,0.7635853290557861,1,1
3603,7.3,0.8804274797439575,1,1
3617,9.8,0.5960875749588013,1,1
3618,4.5,0.6746614575386047,1,1
3622,21.4,0.6165246963500977,1,1
3623,2.9,0.6985686421394348,1,1
3626,3.6,0.8658032417297363,1,1
3629,12.2,0.8285888433456421,1,1
3634,8.6,0.9865692257881165,1,1
3637,9.1,0.38335949182510376,0,1
3672,16.1,0.9823254942893982,1,1
3681,3.4,0.7941380739212036,1,1
3715,16.7,0.6674691438674927,1,1
3717,14.0,0.8200311064720154,1,1
3722,2.3,0.8804274797439575,1,1
3729,29.8,0.553228497505188,1,1
3731,3.0,0.553228497505188,1,1
3733,2.9,0.914500892162323,1,1
3734,5.3,0.7985267639160156,1,1
3735,9.6,0.8096268773078918,1,1
3744,8.3,0.35586947202682495,0,1
3747,2.1,0.9159232378005981,1,1
3748,3.3,0.283945232629776,0,1
3758,2.6,0.8804274797439575,1,1
3764,4.1,0.8804274797439575,1,1
3783,0.0,0.6139212846755981,1,1
3786,10.3,0.6627358198165894,1,1
3789,6.7,0.8603211641311646,1,1
3792,4.5,0.8603211641311646,1,1
3793,7.4,0.7785905003547668,1,1
3797,1.5,0.8735049962997437,1,1
3803,8.8,0.6858993768692017,1,1
3806,13.1,0.6252762675285339,1,1
3809,22.0,0.9778656363487244,1,1
3814,7.3,0.4633035361766815,0,1
3819,16.7,0.8131749629974365,1,1
3820,14.9,0.6369617581367493,1,1
3823,10.8,0.6369617581367493,1,1
3829,39.1,0.7130482792854309,1,1
3836,3.2,0.8115783333778381,1,1
3847,7.1,0.9623259902000427,1,1
3854,7.1,0.8648122549057007,1,1
3861,11.1,0.13065102696418762,0,1
3862,5.7,0.4319842755794525,0,1
3866,14.0,0.772055447101593,1,1
3867,1.9,0.9029638171195984,1,1
3870,4.5,0.9094744324684143,1,1
3878,0.0,0.6745604276657104,1,1
3884,21.6,0.8633937835693359,1,1
3892,5.3,0.946749746799469,1,1
3896,0.0,0.8078942894935608,1,1
3899,2.9,0.9043101668357849,1,1
3904,20.8,0.7667518854141235,1,1
3907,5.3,0.21046249568462372,0,1
3916,3.1,0.6092567443847656,1,1
3917,1.7,0.9720456600189209,1,1
3924,15.8,0.3183155357837677,0,1
3925,24.5,0.4567621350288391,0,1
3932,8.7,0.6328926682472229,1,1
3939,7.4,0.2725108861923218,0,1
3950,6.0,0.5365256071090698,1,1
3956,5.0,0.5146611332893372,1,1
3957,10.3,0.9835377931594849,1,1
3961,16.1,0.9471932649612427,1,1
3962,17.3,0.661400556564331,1,1
3964,7.9,0.38896945118904114,0,1
3966,3.8,0.675865113735199,1,1
3969,5.7,0.2568036913871765,0,1
3970,4.6,0.3665447533130646,0,1
3977,9.3,0.8291418552398682,1,1
3980,14.7,0.7233787775039673,1,1
3981,2.9,0.6783199906349182,1,1
3982,44.4,0.9245733618736267,1,1
3985,0.0,0.594147264957428,1,1
3986,4.8,0.8669722676277161,1,1
3990,1.6,0.6598494052886963,1,1
3996,19.2,0.6398242712020874,1,1
4005,3.5,0.632403552532196,1,1
4006,4.1,0.6449395418167114,1,1
4013,11.0,0.39976152777671814,0,1
4016,15.1,0.9360482692718506,1,1
4019,1.5,0.6884412169456482,1,1
4030,5.6,0.9418153762817383,1,1
4033,0.0,0.4342609643936157,0,1
4037,0.0,0.8063812851905823,1,1
4039,3.5,0.7903932929039001,1,1
4041,15.4,0.8091571927070618,1,1
4042,20.5,0.9060838222503662,1,1
4045,2.7,0.6616944074630737,1,1
4050,4.3,0.6752751469612122,1,1
4051,16.9,0.858178436756134,1,1
4054,8.2,0.6424291729927063,1,1
4056,2.3,0.6430777907371521,1,1
4057,4.2,0.7535824179649353,1,1
4059,14.7,0.8022135496139526,1,1
4062,34.2,0.6609416604042053,1,1
4066,6.2,0.9426054954528809,1,1
4069,13.3,0.7161740660667419,1,1
4078,6.8,0.6694365739822388,1,1
4079,8.6,0.6530695557594299,1,1
4085,6.5,0.795661449432373,1,1
4086,11.7,0.8421043753623962,1,1
4101,12.1,0.9599307775497437,1,1
4103,19.4,0.40255430340766907,0,1
4106,0.0,0.7543009519577026,1,1
4114,30.8,0.8105279803276062,1,1
4117,9.7,0.7882727384567261,1,1
4125,5.8,0.6435179114341736,1,1
4126,7.1,0.8014630675315857,1,1
4128,7.7,0.8219853043556213,1,1
4130,0.0,0.4630138576030731,0,1
4131,29.8,0.6757971048355103,1,1
4138,1.8,0.5252050161361694,1,1
4141,1.4,0.8089725971221924,1,1
4155,14.3,0.7072881460189819,1,1
4159,9.1,0.922009289264679,1,1
4160,5.3,0.9193260073661804,1,1
4171,3.3,0.622406542301178,1,1
4178,5.0,0.6683701872825623,1,1
4180,25.4,0.8047003746032715,1,1
4182,3.2,0.6368463635444641,1,1
4198,6.3,0.911383330821991,1,1
4199,7.1,0.5840083360671997,1,1
4200,5.8,0.885833203792572,1,1
4213,22.6,0.8786976337432861,1,1
4215,14.5,0.8091087341308594,1,1
4216,15.9,0.7554566860198975,1,1
4218,4.0,0.5291184782981873,1,1
4231,6.5,0.7785905003547668,1,1
4232,11.3,0.4911945164203644,0,1
4234,8.5,0.7667518854141235,1,1
4235,2.0,0.9226143956184387,1,1
4239,3.7,0.9196557402610779,1,1
4240,4.8,0.6773949861526489,1,1
4243,9.1,0.7939379215240479,1,1
4244,6.6,0.664815366268158,1,1
4247,20.4,0.9566301107406616,1,1
4250,3.0,0.882137656211853,1,1
4252,16.0,0.7596607208251953,1,1
4258,26.2,0.46099892258644104,0,1
4259,15.8,0.6260251402854919,1,1
4265,6.8,0.0979357659816742,0,1
4266,13.8,0.0935652107000351,0,1
4282,4.9,0.8270175457000732,1,1
4287,14.9,0.46026238799095154,0,1
4290,3.4,0.3462138772010803,0,1
4296,10.8,0.8119016885757446,1,1
4298,7.7,0.6618947386741638,1,1
4305,13.5,0.7026885747909546,1,1
4306,1.9,0.8045196533203125,1,1
4307,3.1,0.9035945534706116,1,1
4308,8.8,0.6753119826316833,1,1
4319,2.4,0.8784244656562805,1,1
4322,7.5,0.9042901992797852,1,1
4323,6.0,0.649088978767395,1,1
4348,17.5,0.838336706161499,1,1
4350,5.9,0.03619416058063507,0,1
4353,18.6,0.9473879933357239,1,1
4355,26.7,0.8665537238121033,1,1
4357,5.7,0.7920519709587097,1,1
4362,12.5,0.5194453001022339,1,1
4371,4.0,0.8915959000587463,1,1
4382,9.1,0.9283494353294373,1,1
4386,8.2,0.6237836480140686,1,1
4388,7.4,0.9073866009712219,1,1
4416,14.0,0.8051758408546448,1,1
4427,1.4,0.9030675292015076,1,1
4431,3.9,0.7411130666732788,1,1
4433,2.5,0.8296833634376526,1,1
4437,2.2,0.7705714702606201,1,1
4440,17.1,0.7941716909408569,1,1
4459,6.2,0.2745731770992279,0,1
4462,30.2,0.8903930187225342,1,1
4463,35.7,0.7642234563827515,1,1
4470,1.6,0.7983174324035645,1,1
4471,7.1,0.6498268842697144,1,1
4475,9.3,0.8125313520431519,1,1
4479,1.8,0.9077975749969482,1,1
4485,10.8,0.8658652305603027,1,1
4489,34.4,0.7165079712867737,1,1
4490,3.3,0.28170114755630493,0,1
4500,30.2,0.9081341624259949,1,1
4501,39.7,0.7982378602027893,1,1
4506,55.0,0.6093550324440002,1,1
4509,8.2,0.43929651379585266,0,1
4516,15.6,0.7531018257141113,1,1
4517,26.9,0.661410391330719,1,1
4524,8.7,0.44358131289482117,0,1
4527,21.5,0.4577924609184265,0,1
4529,24.7,0.8586442470550537,1,1
4532,8.0,0.8787374496459961,1,1
4536,5.2,0.9122910499572754,1,1
4538,12.7,0.7652961015701294,1,1
4542,4.8,0.8713440895080566,1,1
4544,6.2,0.7401027083396912,1,1
4546,5.3,0.5627264976501465,1,1
4552,12.7,0.5534932017326355,1,1
4555,0.0,0.6880601644515991,1,1
4556,0.0,0.4630138576030731,0,1
4558,6.5,0.9586722254753113,1,1
4561,6.1,0.3724953830242157,0,1
4566,6.1,0.87986159324646,1,1
4567,6.7,0.30929192900657654,0,1
4578,3.0,0.5811919569969177,1,1
4584,0.0,0.7264882922172546,1,1
4586,0.0,0.8449951410293579,1,1
4590,6.2,0.7264882922172546,1,1
4591,8.0,0.8726345300674438,1,1
4601,10.3,0.6253820657730103,1,1
4621,23.8,0.675865113735199,1,1
4623,7.3,0.7554566860198975,1,1
4624,6.5,0.9264844059944153,1,1
4641,8.3,0.662232518196106,1,1
4642,3.5,0.8063812851905823,1,1
4647,4.3,0.6289136409759521,1,1
4650,23.3,0.41197875142097473,0,1
4651,8.6,0.8770843744277954,1,1
4656,5.8,0.7538676261901855,1,1
4660,2.9,0.7975298166275024,1,1
4667,29.2,0.7482130527496338,1,1
4668,9.1,0.6646715998649597,1,1
4670,5.3,0.7336085438728333,1,1
4673,15.2,0.6301363706588745,1,1
4677,6.4,0.8115016222000122,1,1
4701,13.9,0.6468496918678284,1,1
4709,10.9,0.6482373476028442,1,1
4710,16.9,0.5950131416320801,1,1
4720,7.9,0.6346750259399414,1,1
4722,7.9,0.9057588577270508,1,1
4725,2.2,0.2346809059381485,0,1
4728,3.3,0.7914925217628479,1,1
4744,1.9,0.6743557453155518,1,1
4750,19.6,0.89249187707901,1,1
4753,8.5,0.6420190334320068,1,1
4754,9.1,0.7972556948661804,1,1
4756,3.3,0.6753302216529846,1,1
4760,8.3,0.6439872980117798,1,1
4763,24.2,0.6770915389060974,1,1
4765,3.4,0.8135236501693726,1,1
4769,7.7,0.6917161345481873,1,1
4770,4.9,0.8170508742332458,1,1
4771,2.9,0.787563681602478,1,1
4779,3.8,0.6368061900138855,1,1
4781,7.6,0.45705342292785645,0,1
4785,2.4,0.8989983797073364,1,1
4787,10.3,0.6441423892974854,1,1
4794,10.4,0.6248651742935181,1,1
4801,6.7,0.7882727384567261,1,1
4802,41.5,0.8047860860824585,1,1
4803,13.5,0.26718491315841675,0,1
4811,5.9,0.8584619164466858,1,1
4813,12.8,0.8584619164466858,1,1
4825,1.6,0.921215295791626,1,1
4828,1.5,0.771428644657135,1,1
4832,17.0,0.7727441787719727,1,1
4834,6.2,0.7971854209899902,1,1
4835,2.0,0.7809299826622009,1,1
4847,18.6,0.7677879333496094,1,1
4854,8.9,0.10211102664470673,0,1
4858,6.2,0.7881642580032349,1,1
4864,16.9,0.8692523241043091,1,1
4869,7.1,0.6439872980117798,1,1
4872,5.0,0.6735633611679077,1,1
4877,25.0,0.6128377914428711,1,1
4891,20.0,0.6520844101905823,1,1
4903,4.8,0.6635130643844604,1,1
4904,8.1,0.6711233258247375,1,1
4905,9.8,0.7679660320281982,1,1
4914,6.9,0.798052191734314,1,1
4916,0.0,0.6700097918510437,1,1
4917,17.0,0.8046261072158813,1,1
4919,9.1,0.64006108045578,1,1
4923,0.0,0.6849976778030396,1,1
4935,6.9,0.6464977264404297,1,1
4936,18.2,0.8188651204109192,1,1
4947,7.0,0.7253322601318359,1,1
4948,4.2,0.9267532229423523,1,1
4954,7.0,0.8042075037956238,1,1
4957,18.3,0.97059565782547,1,1
4964,0.0,0.97059565782547,1,1
4965,10.3,0.6666865348815918,1,1
4966,15.9,0.9724803566932678,1,1
4973,4.3,0.97059565782547,1,1
4982,0.0,0.6420190334320068,1,1
4986,5.2,0.7053058743476868,1,1
4994,10.6,0.4508809447288513,0,1
4999,4.4,0.6767691969871521,1,1
5003,20.9,0.1606985628604889,0,0
5004,2.1,0.13331231474876404,0,0
5005,10.5,0.03790850564837456,0,0
5009,4.1,0.16147200763225555,0,0
5016,5.3,0.0996951162815094,0,0
5024,5.1,0.13743789494037628,0,0
5034,4.0,0.0608571358025074,0,0
5055,18.5,0.02133505418896675,0,0
5062,21.2,0.02823578752577305,0,0
5064,0.0,0.04013391211628914,0,0
5066,3.8,0.12007908523082733,0,0
5077,7.9,0.03825310990214348,0,0
5094,3.0,0.16063544154167175,0,0
5098,19.6,0.07859533280134201,0,0
5114,24.1,0.029517898336052895,0,0
5116,4.2,0.06589410454034805,0,0
5117,3.3,0.09963157027959824,0,0
5119,4.5,0.03351869806647301,0,0
5125,13.5,0.7194462418556213,1,0
5126,9.6,0.630668044090271,1,0
5127,5.5,0.03665187582373619,0,0
5130,2.0,0.44837233424186707,0,0
5133,5.3,0.016080262139439583,0,0
5137,17.5,0.10514220595359802,0,0
5143,2.4,0.014226497150957584,0,0
5146,0.7,0.09053558856248856,0,0
5147,9.8,0.4564560353755951,0,0
5154,9.8,0.2327757477760315,0,0
5160,7.8,0.2738039493560791,0,0
5161,3.5,0.4822242259979248,0,0
5189,3.6,0.6080054044723511,1,0
5190,3.6,0.49954754114151,0,0
5193,6.2,0.24254551529884338,0,0
5197,20.3,0.1474819779396057,0,0
5200,6.2,0.03424706682562828,0,0
5201,15.8,0.4579567611217499,0,0
5202,31.4,0.08717260509729385,0,0
5206,29.3,0.1338167041540146,0,0
5223,5.3,0.04229963943362236,0,0
5224,3.2,0.010087676346302032,0,0
5225,7.7,0.10340239107608795,0,0
5232,17.1,0.24828968942165375,0,0
5235,5.4,0.2655392587184906,0,0
5241,7.3,0.5209433436393738,1,0
5242,20.5,0.8121222853660583,1,0
5249,10.9,0.008832677267491817,0,0
5253,10.3,0.5764894485473633,1,0
5255,26.7,0.3149124085903168,0,0
5260,2.7,0.053249064832925797,0,0
5262,100.0,0.09859804064035416,0,0
5280,10.6,0.23401015996932983,0,0
5284,4.9,0.2370603233575821,0,0
5285,11.1,0.14173267781734467,0,0
5301,7.7,0.06390145421028137,0,0
5302,7.8,0.10087228566408157,0,0
5320,8.3,0.29162171483039856,0,0
5326,7.0,0.6326649785041809,1,0
5335,7.8,0.10179676860570908,0,0
5337,2.3,0.04413222521543503,0,0
5341,47.1,0.21312139928340912,0,0
5345,13.6,0.2415861040353775,0,0
5357,1.5,0.009299787692725658,0,0
5362,9.0,0.20050904154777527,0,0
5364,6.2,0.035663556307554245,0,0
5375,1.2,0.28933560848236084,0,0
5379,4.3,0.1300760954618454,0,0
5384,1.8,0.5451499223709106,1,0
5385,5.6,0.07236239314079285,0,0
5388,12.2,0.20188982784748077,0,0
5391,18.2,0.10515197366476059,0,0
5395,3.0,0.02258704975247383,0,0
5404,45.8,0.005280554760247469,0,0
5412,10.2,0.1402948796749115,0,0
5417,3.3,0.1251041740179062,0,0
5419,5.4,0.010314133949577808,0,0
5428,0.0,0.004370414651930332,0,0
5455,7.1,0.2776123881340027,0,0
5466,13.8,0.207752525806427,0,0
5467,6.3,0.12276246398687363,0,0
5470,5.1,0.16918432712554932,0,0
5474,14.5,0.004418248776346445,0,0
5477,8.7,0.24798792600631714,0,0
5488,1.7,0.4782004952430725,0,0
5492,7.0,0.21547923982143402,0,0
5499,3.5,0.4364122748374939,0,0
5502,9.1,0.31104347109794617,0,0
5504,0.0,0.4038262367248535,0,0
5510,3.9,0.40085577964782715,0,0
5512,25.0,0.6776943206787109,1,0
5523,10.2,0.05397455766797066,0,0
5524,3.9,0.22138062119483948,0,0
5525,8.9,0.06374786794185638,0,0
5536,10.2,0.005542468279600143,0,0
5537,8.8,0.6886658668518066,1,0
5539,36.8,0.19313254952430725,0,0
5559,13.0,0.19016805291175842,0,0
5562,6.1,0.03161131590604782,0,0
5563,14.3,0.13273681700229645,0,0
5569,2.0,0.31771209836006165,0,0
5574,3.6,0.2612515389919281,0,0
5580,5.6,0.36170923709869385,0,0
5595,8.0,0.12122631818056107,0,0
5600,9.8,0.3065938353538513,0,0
5603,6.5,0.3437652885913849,0,0
5606,1.8,0.4094240069389343,0,0
5608,6.8,0.4597685933113098,0,0
5616,14.3,0.7338898181915283,1,0
5623,10.4,0.01602296717464924,0,0
5635,10.5,0.7285017967224121,1,0
5638,100.0,0.020708316937088966,0,0
5645,11.8,0.15799269080162048,0,0
5646,4.1,0.47672396898269653,0,0
5659,21.3,0.08779197931289673,0,0
5661,1.6,0.10374937951564789,0,0
5663,8.3,0.4483140707015991,0,0
5666,7.0,0.13506242632865906,0,0
5667,17.7,0.014607109129428864,0,0
5671,6.9,0.10145936906337738,0,0
5673,6.4,0.5620099902153015,1,0
5675,24.5,0.032329678535461426,0,0
5688,6.9,0.303315669298172,0,0
5698,2.9,0.6663797497749329,1,0
5699,2.1,0.29212963581085205,0,0
5709,6.7,0.05007266625761986,0,0
5713,8.3,0.013807649724185467,0,0
5716,15.2,0.797031819820404,1,0
5717,1.5,0.009852670133113861,0,0
5722,13.0,0.016027117148041725,0,0
5723,2.8,0.31801846623420715,0,0
5728,12.7,0.048781849443912506,0,0
5732,7.5,0.12506131827831268,0,0
5740,3.1,0.032222893089056015,0,0
5753,21.0,0.032613370567560196,0,0
5760,7.7,0.908918023109436,1,0
5762,16.1,0.3615642786026001,0,0
5766,3.3,0.10562964528799057,0,0
5768,1.9,0.07173045724630356,0,0
5769,10.8,0.08490528166294098,0,0
5770,5.7,0.01938679628074169,0,0
5775,4.0,0.7128565311431885,1,0
5784,7.4,0.20294763147830963,0,0
5793,4.9,0.5839105844497681,1,0
5797,19.5,0.5135431885719299,1,0
5804,3.1,0.03259139135479927,0,0
5814,0.0,0.6888322234153748,1,0
5815,7.3,0.627701461315155,1,0
5823,4.4,0.5831741094589233,1,0
5825,24.4,0.23888416588306427,0,0
5827,3.8,0.29802078008651733,0,0
5830,11.6,0.024377113208174706,0,0
5846,20.3,0.2568036913871765,0,0
5848,5.2,0.03238072991371155,0,0
5851,3.1,0.07119282335042953,0,0
5853,17.4,0.0299775879830122,0,0
5854,8.6,0.05210856720805168,0,0
5860,3.0,0.46487051248550415,0,0
5863,4.1,0.004869827069342136,0,0
5870,13.8,0.6395927667617798,1,0
5872,5.9,0.0698789730668068,0,0
5875,21.4,0.2287638634443283,0,0
5876,16.9,0.33402228355407715,0,0
5878,3.2,0.4767921566963196,0,0
5894,12.3,0.2732427716255188,0,0
5895,0.0,0.4637359082698822,0,0
5899,15.3,0.07908885926008224,0,0
5901,17.1,0.038101986050605774,0,0
5918,100.0,0.7597746849060059,1,0
5919,4.3,0.0725531354546547,0,0
5922,13.5,0.6260602474212646,1,0
5924,27.9,0.14196200668811798,0,0
5928,3.5,0.7194462418556213,1,0
5936,13.9,0.04853947088122368,0,0
5938,0.0,0.5722978115081787,1,0
5950,8.5,0.4339001774787903,0,0
5951,19.2,0.6976568102836609,1,0
5953,6.2,0.6202333569526672,1,0
5954,25.0,0.19462186098098755,0,0
5956,3.0,0.016965901479125023,0,0
5959,13.0,0.5658060312271118,1,0
5966,8.9,0.14336615800857544,0,0
5971,16.7,0.6044498682022095,1,0
5975,9.8,0.02995298057794571,0,0
5980,22.8,0.0073275878094136715,0,0
5984,6.5,0.09880215674638748,0,0
5987,6.9,0.628775417804718,1,0
5989,0.0,0.8500187397003174,1,0
5991,15.0,0.004057949874550104,0,0
5992,7.1,0.7456313371658325,1,0
5995,31.8,0.16104494035243988,0,0
6002,15.8,0.24880795180797577,0,0
6012,15.9,0.6188758015632629,1,0
6015,20.0,0.32042840123176575,0,0
6016,15.6,0.14268659055233002,0,0
6021,7.1,0.5917758941650391,1,0
6028,9.9,0.06468293815851212,0,0
6045,7.8,0.07619933038949966,0,0
6059,22.8,0.24036012589931488,0,0
6060,21.1,0.7272598743438721,1,0
6062,20.0,0.06622107326984406,0,0
6063,25.0,0.024884268641471863,0,0
6065,5.3,0.05289257690310478,0,0
6066,3.3,0.2582537531852722,0,0
6069,3.5,0.05289257690310478,0,0
6076,10.4,0.6711233258247375,1,0
6077,11.5,0.10313993692398071,0,0
6081,1.8,0.12018299102783203,0,0
6082,4.5,0.3368849754333496,0,0
6086,7.9,0.2994253933429718,0,0
6107,3.1,0.08716385811567307,0,0
6118,1.6,0.03475983813405037,0,0
6120,3.4,0.008158709853887558,0,0
6122,9.8,0.008693446405231953,0,0
6136,3.1,0.17899656295776367,0,0
6139,14.0,0.0348733589053154,0,0
6141,1.9,0.03009898029267788,0,0
6145,6.0,0.26591581106185913,0,0
6147,5.6,0.5425726771354675,1,0
6148,5.0,0.007285372819751501,0,0
6150,0.0,0.01884314976632595,0,0
6154,8.2,0.036205779761075974,0,0
6155,19.4,0.08100283145904541,0,0
6156,1.0,0.023071955889463425,0,0
6160,2.7,0.040420349687337875,0,0
6166,11.5,0.2239866554737091,0,0
6167,3.3,0.06284524500370026,0,0
6169,16.1,0.029638702049851418,0,0
6184,10.0,0.12788817286491394,0,0
6191,6.1,0.3844071924686432,0,0
6202,6.2,0.09082256257534027,0,0
6203,0.0,0.28554102778434753,0,0
6205,6.0,0.04252307862043381,0,0
6214,13.7,0.7099292278289795,1,0
6217,4.8,0.20022688806056976,0,0
6218,6.1,0.3061935305595398,0,0
6243,41.9,0.7353452444076538,1,0
6248,16.1,0.06446444243192673,0,0
6250,0.0,0.09595736116170883,0,0
6252,3.8,0.16591757535934448,0,0
6254,2.1,0.7378780245780945,1,0
6256,11.8,0.12799955904483795,0,0
6267,8.3,0.132984921336174,0,0
6275,5.3,0.6257568001747131,1,0
6276,2.0,0.8047683835029602,1,0
6282,1.8,0.030029278248548508,0,0
6291,4.9,0.3938300609588623,0,0
6296,5.1,0.12964992225170135,0,0
6300,90.0,0.25584685802459717,0,0
6306,10.5,0.16739213466644287,0,0
6312,0.0,0.0848691463470459,0,0
6314,29.4,0.57594895362854,1,0
6318,4.5,0.07554515451192856,0,0
6324,9.8,0.5281636118888855,1,0
6329,4.4,0.10480083525180817,0,0
6331,0.0,0.024079222232103348,0,0
6332,11.3,0.1193256750702858,0,0
6342,7.2,0.05429230257868767,0,0
6348,43.4,0.21094147861003876,0,0
6353,7.9,0.07058810442686081,0,0
6358,2.4,0.04252307862043381,0,0
6363,6.3,0.02954636514186859,0,0
6365,9.4,0.029594536870718002,0,0
6369,17.0,0.03571627661585808,0,0
6383,10.7,0.6763627529144287,1,0
6384,11.3,0.006718121934682131,0,0
6388,23.1,0.404547780752182,0,0
6394,11.1,0.17704138159751892,0,0
6396,16.3,0.8051758408546448,1,0
6409,47.1,0.24928656220436096,0,0
6445,5.1,0.023008856922388077,0,0
6460,17.7,0.08347562700510025,0,0
6470,5.7,0.00623050332069397,0,0
6478,29.1,0.23223285377025604,0,0
6484,30.9,0.22161489725112915,0,0
6492,4.3,0.17157481610774994,0,0
6493,5.4,0.27807778120040894,0,0
6495,8.5,0.10616251826286316,0,0
6500,21.9,0.17513921856880188,0,0
6516,1.2,0.06874214112758636,0,0
6527,13.0,0.08188319206237793,0,0
6528,1.6,0.26061806082725525,0,0
6529,0.0,0.23992431163787842,0,0
6531,11.5,0.07049223780632019,0,0
6540,2.6,0.616187572479248,1,0
6542,21.6,0.04396137595176697,0,0
6568,13.9,0.25210538506507874,0,0
6570,15.2,0.06870824098587036,0,0
6571,11.7,0.31592604517936707,0,0
6573,4.9,0.0646592229604721,0,0
6574,24.6,0.2894504964351654,0,0
6581,3.6,0.12210641801357269,0,0
6585,7.1,0.031650517135858536,0,0
6597,2.1,0.7844966053962708,1,0
6603,0.0,0.23513157665729523,0,0
6604,3.3,0.029196633026003838,0,0
6605,2.8,0.005689679179340601,0,0
6619,8.9,0.0794595405459404,0,0
6625,20.3,0.5787156224250793,1,0
6631,8.7,0.03443010523915291,0,0
6633,8.6,0.2242278903722763,0,0
6635,5.9,0.029182501137256622,0,0
6636,5.4,0.12440309673547745,0,0
6639,5.9,0.33129531145095825,0,0
6645,7.5,0.6708765625953674,1,0
6646,18.0,0.08188141882419586,0,0
6648,17.2,0.0647970587015152,0,0
6663,23.8,0.5906827449798584,1,0
6664,12.1,0.06622406840324402,0,0
6668,7.5,0.015099672600626945,0,0
6673,15.7,0.11624588072299957,0,0
6678,100.0,0.06483300775289536,0,0
6679,7.1,0.27097460627555847,0,0
6680,12.7,0.6139212846755981,1,0
6682,2.9,0.010455707088112831,0,0
6685,13.0,0.03908992558717728,0,0
6686,6.2,0.2475663125514984,0,0
6687,10.3,0.4474034905433655,0,0
6693,16.3,0.01502468716353178,0,0
6696,3.1,0.03812761604785919,0,0
6701,1.9,0.005893973633646965,0,0
6707,30.0,0.7940903902053833,1,0
6715,2.3,0.02973031997680664,0,0
6719,23.9,0.12669269740581512,0,0
6722,7.3,0.23816239833831787,0,0
6724,31.9,0.09861680865287781,0,0
6733,4.8,0.08205342292785645,0,0
6734,3.0,0.44837233424186707,0,0
6753,4.9,0.10229269415140152,0,0
6757,7.8,0.2819249927997589,0,0
6759,4.5,0.12248536944389343,0,0
6761,13.8,0.27274206280708313,0,0
6792,48.1,0.01668798178434372,0,0
6794,4.2,0.15845099091529846,0,0
6802,2.5,0.061073146760463715,0,0
6806,19.1,0.004236897453665733,0,0
6810,2.6,0.009396233595907688,0,0
6816,1.6,0.03740939497947693,0,0
6819,3.7,0.8061404824256897,1,0
6823,11.3,0.12761887907981873,0,0
6824,10.6,0.7720770239830017,1,0
6827,15.0,0.07194399833679199,0,0
6828,8.8,0.02465057745575905,0,0
6834,4.3,0.05488589406013489,0,0
6838,3.3,0.4445804953575134,0,0
6841,7.5,0.6788753271102905,1,0
6843,11.5,0.03514717519283295,0,0
6848,8.0,0.1922539621591568,0,0
6852,6.8,0.12740468978881836,0,0
6853,3.5,0.43921521306037903,0,0
6854,8.9,0.2279936671257019,0,0
6856,5.3,0.30540719628334045,0,0
6857,4.2,0.15430478751659393,0,0
6863,6.7,0.06344230473041534,0,0
6865,0.0,0.7896433472633362,1,0
6879,2.0,0.5088421106338501,1,0
6887,24.6,0.11843934655189514,0,0
6895,2.6,0.3979504108428955,0,0
6899,16.0,0.1657002717256546,0,0
6906,14.9,0.10456595569849014,0,0
6908,34.1,0.7497297525405884,1,0
6917,6.3,0.8651562333106995,1,0
6930,10.3,0.10849688947200775,0,0
6931,19.4,0.0693439394235611,0,0
6944,4.7,0.0295314509421587,0,0
6955,17.0,0.7283326983451843,1,0
6958,13.6,0.22066406905651093,0,0
6959,1.5,0.027407702058553696,0,0
6968,9.5,0.030236776918172836,0,0
6969,3.2,0.33838051557540894,0,0
6970,11.3,0.0655655488371849,0,0
6975,18.6,0.07026581466197968,0,0
6976,11.0,0.026526985689997673,0,0
6981,20.5,0.030854161828756332,0,0
6982,13.5,0.030509231612086296,0,0
6984,7.9,0.11527840793132782,0,0
6986,6.0,0.031822409480810165,0,0
6990,29.3,0.7735183238983154,1,0
6994,2.1,0.571353554725647,1,0
6996,61.9,0.3426745533943176,0,0
6997,2.9,0.7435846328735352,1,0
6998,7.0,0.07374659180641174,0,0
7000,14.8,0.32418569922447205,0,0
7017,1.6,0.5200068950653076,1,0
7026,8.9,0.14702896773815155,0,0
7027,14.1,0.19604700803756714,0,0
7035,10.2,0.7733047604560852,1,0
7038,5.7,0.13286612927913666,0,0
7039,5.5,0.06499573588371277,0,0
7041,0.0,0.543398916721344,1,0
7047,21.6,0.030290890485048294,0,0
7048,7.3,0.2898172438144684,0,0
7049,11.3,0.11688318848609924,0,0
7055,25.0,0.006351618096232414,0,0
7056,12.0,0.06124370917677879,0,0
7060,15.9,0.0681021437048912,0,0
7061,7.4,0.9126567840576172,1,0
7062,17.0,0.23888416588306427,0,0
7065,4.5,0.32292985916137695,0,0
7070,3.6,0.0321086123585701,0,0
7075,15.4,0.06828556209802628,0,0
7079,14.6,0.029379036277532578,0,0
7081,5.1,0.01735062152147293,0,0
7082,6.2,0.07534998655319214,0,0
7105,1.9,0.006581052206456661,0,0
7116,10.8,0.6786021590232849,1,0
7122,14.6,0.09530941396951675,0,0
7125,6.2,0.038911111652851105,0,0
7128,3.6,0.14990513026714325,0,0
7136,6.8,0.034969162195920944,0,0
7141,13.2,0.14634846150875092,0,0
7143,8.8,0.45996370911598206,0,0
7150,2.9,0.12761887907981873,0,0
7151,12.2,0.1402459591627121,0,0
7152,17.5,0.20098719000816345,0,0
7156,12.3,0.029193878173828125,0,0
7158,6.5,0.09488385170698166,0,0
7160,6.2,0.004612014163285494,0,0
7161,22.1,0.37066081166267395,0,0
7165,21.8,0.7007489204406738,1,0
7180,6.7,0.9033570289611816,1,0
7188,2.8,0.03693007305264473,0,0
7190,3.8,0.06497965008020401,0,0
7192,9.1,0.500670313835144,1,0
7193,4.8,0.044832564890384674,0,0
7200,6.7,0.12327362596988678,0,0
7203,6.0,0.010524159297347069,0,0
7204,11.7,0.037044115364551544,0,0
7205,6.6,0.21125942468643188,0,0
7214,6.2,0.2707916498184204,0,0
7219,13.0,0.016214383766055107,0,0
7224,3.2,0.0511244498193264,0,0
7237,70.0,0.9197035431861877,1,0
7243,7.0,0.029313907027244568,0,0
7255,25.3,0.7835760116577148,1,0
7261,5.6,0.3118234872817993,0,0
7262,4.8,0.3739033341407776,0,0
7265,23.8,0.7210176587104797,1,0
7278,31.2,0.10917393118143082,0,0
7286,40.5,0.22270320355892181,0,0
7291,13.8,0.2048373818397522,0,0
7294,2.9,0.47606244683265686,0,0
7296,2.3,0.22714391350746155,0,0
7300,7.7,0.1760188639163971,0,0
7324,4.5,0.18429720401763916,0,0
7326,5.2,0.16279302537441254,0,0
7327,16.2,0.16483323276042938,0,0
7332,5.6,0.7077623605728149,1,0
7336,3.8,0.07132802903652191,0,0
7343,4.8,0.5327988862991333,1,0
7349,6.0,0.6688098311424255,1,0
7360,6.6,0.5976353287696838,1,0
7362,1.7,0.08490528166294098,0,0
7363,8.8,0.0041327765211462975,0,0
7368,0.0,0.02368074841797352,0,0
7371,28.6,0.32731515169143677,0,0
7376,1.6,0.32731515169143677,0,0
7385,10.5,0.8313274383544922,1,0
7386,15.5,0.47336092591285706,0,0
7391,0.7,0.062024567276239395,0,0
7393,9.2,0.04128269851207733,0,0
7394,1.6,0.3561595380306244,0,0
7397,7.8,0.004650401882827282,0,0
7427,2.1,0.007075671572238207,0,0
7433,9.8,0.7765283584594727,1,0
7435,0.8,0.18637165427207947,0,0
7443,12.3,0.07212488353252411,0,0
7444,7.4,0.2547634541988373,0,0
7449,14.8,0.8290717005729675,1,0
7454,1.6,0.02981456182897091,0,0
7455,0.0,0.33717456459999084,0,0
7472,2.2,0.10246799141168594,0,0
7479,0.5,0.020181382074952126,0,0
7482,12.3,0.10262778401374817,0,0
7485,8.6,0.2768919765949249,0,0
7489,14.7,0.4594677686691284,0,0
7491,0.0,0.4076601564884186,0,0
7502,7.8,0.053221989423036575,0,0
7504,3.7,0.06626784056425095,0,0
7508,9.4,0.18402054905891418,0,0
7511,5.4,0.1920776516199112,0,0
7523,9.1,0.752102255821228,1,0
7524,11.8,0.40085577964782715,0,0
7537,21.1,0.3566236197948456,0,0
7539,4.6,0.45866015553474426,0,0
7546,12.9,0.09064941108226776,0,0
7549,10.3,0.23574449121952057,0,0
7551,3.4,0.4675155580043793,0,0
7556,4.6,0.42637452483177185,0,0
7557,1.7,0.7249316573143005,1,0
7558,25.3,0.22536472976207733,0,0
7560,1.5,0.043153684586286545,0,0
7563,22.0,0.1668841689825058,0,0
7565,1.8,0.584776759147644,1,0
7568,25.4,0.12354402244091034,0,0
7590,2.8,0.649088978767395,1,0
7593,7.3,0.18993908166885376,0,0
7595,6.2,0.09535665810108185,0,0
7597,5.2,0.05898357927799225,0,0
7608,5.3,0.15482161939144135,0,0
7612,9.8,0.6715630292892456,1,0
7613,9.4,0.04924792796373367,0,0
7616,14.7,0.6080054044723511,1,0
7621,3.8,0.0534844733774662,0,0
7625,12.2,0.31406307220458984,0,0
7626,5.7,0.3218593895435333,0,0
7635,4.9,0.008098329417407513,0,0
7637,5.9,0.020076699554920197,0,0
7645,2.6,0.15845631062984467,0,0
7660,17.2,0.5283615589141846,1,0
7674,9.8,0.06356673687696457,0,0
7675,6.9,0.06655815988779068,0,0
7681,20.4,0.712925374507904,1,0
7687,1.7,0.34837397933006287,0,0
7690,2.6,0.06421837210655212,0,0
7693,6.8,0.2442869395017624,0,0
7695,1.5,0.06958621740341187,0,0
7701,10.8,0.0069734505377709866,0,0
7703,6.5,0.5069713592529297,1,0
7708,19.3,0.6420190334320068,1,0
7709,4.5,0.3512120544910431,0,0
7712,25.8,0.050462692975997925,0,0
7713,5.6,0.07600415498018265,0,0
7717,1.6,0.08542525768280029,0,0
7724,6.1,0.04301014170050621,0,0
7729,100.0,0.025366120040416718,0,0
7730,11.3,0.5288642644882202,1,0
7731,6.6,0.4111792743206024,0,0
7733,10.3,0.27696913480758667,0,0
7734,5.8,0.6305862665176392,1,0
7735,6.2,0.25542664527893066,0,0
7738,47.7,0.6472270488739014,1,0
7739,17.5,0.563380777835846,1,0
7744,4.6,0.17396989464759827,0,0
7745,53.3,0.4496137499809265,0,0
7747,22.4,0.05232997611165047,0,0
7756,10.0,0.03993010148406029,0,0
7762,3.1,0.08100283145904541,0,0
7766,19.7,0.006235896609723568,0,0
7773,6.9,0.009488271549344063,0,0
7774,12.2,0.039953477680683136,0,0
7777,100.0,0.05607810243964195,0,0
7779,3.6,0.37443649768829346,0,0
7782,0.0,0.3222685754299164,0,0
7783,17.0,0.23945438861846924,0,0
7786,3.2,0.23811975121498108,0,0
7790,0.0,0.6662896871566772,1,0
7797,13.7,0.21207572519779205,0,0
7806,6.9,0.8531399965286255,1,0
7808,3.4,0.272775262594223,0,0
7811,14.3,0.10738988220691681,0,0
7814,23.6,0.04794523864984512,0,0
7816,4.1,0.45966091752052307,0,0
7824,4.2,0.728813111782074,1,0
7831,4.2,0.029697250574827194,0,0
7832,1.8,0.04874596372246742,0,0
7838,3.1,0.3846992254257202,0,0
7839,3.2,0.022122640162706375,0,0
7849,19.4,0.019313974305987358,0,0
7853,2.0,0.23308990895748138,0,0
7861,2.9,0.2954094409942627,0,0
7869,8.0,0.1427537202835083,0,0
7870,7.8,0.07330618798732758,0,0
7871,12.7,0.49549147486686707,0,0
7872,9.8,0.04649636149406433,0,0
7878,2.4,0.039274465292692184,0,0
7888,5.0,0.0292587261646986,0,0
7891,4.3,0.006232637912034988,0,0
7896,8.1,0.5330517888069153,1,0
7898,2.7,0.14286835491657257,0,0
7901,2.7,0.030583465471863747,0,0
7904,4.8,0.5388930439949036,1,0
7911,2.4,0.572896420955658,1,0
7912,3.5,0.41701045632362366,0,0
7914,0.0,0.5935578942298889,1,0
7919,20.5,0.6279090642929077,1,0
7923,4.8,0.19554643332958221,0,0
7928,11.1,0.22122807800769806,0,0
7931,31.5,0.04403230547904968,0,0
7933,3.6,0.013678845949470997,0,0
7935,11.5,0.4623999297618866,0,0
7938,0.0,0.3140160143375397,0,0
7947,9.7,0.721333920955658,1,0
7950,28.1,0.13532684743404388,0,0
7956,4.8,0.034346774220466614,0,0
7958,10.6,0.26733049750328064,0,0
7959,0.0,0.2899356782436371,0,0
7961,4.0,0.049789395183324814,0,0
7965,0.0,0.8273300528526306,1,0
7967,2.2,0.005876562092453241,0,0
7975,1.6,0.12556926906108856,0,0
7976,5.3,0.006160610821098089,0,0
7982,4.5,0.04204974323511124,0,0
7993,2.4,0.6621034145355225,1,0
7999,3.0,0.029321851208806038,0,0
8005,10.0,0.8971468210220337,1,0
8009,14.3,0.1766594499349594,0,0
8016,1.8,0.19217133522033691,0,0
8019,16.2,0.05454740673303604,0,0
8030,10.9,0.3888408839702606,0,0
8031,10.1,0.13385295867919922,0,0
8037,13.6,0.03053489699959755,0,0
8051,3.6,0.07245387136936188,0,0
8054,0.0,0.6673252582550049,1,0
8056,2.9,0.1166766807436943,0,0
8057,7.8,0.0737302377820015,0,0
8059,6.2,0.09024953097105026,0,0
8060,10.3,0.08764656633138657,0,0
8067,2.2,0.7428917288780212,1,0
8068,23.4,0.5163865089416504,1,0
8069,1.8,0.8678791522979736,1,0
8072,34.5,0.478154718875885,0,0
8073,21.3,0.01613328792154789,0,0
8086,15.3,0.044738732278347015,0,0
8087,27.8,0.2670604884624481,0,0
8090,5.6,0.1135665699839592,0,0
8092,11.1,0.5719181299209595,1,0
8099,3.7,0.20717211067676544,0,0
8104,10.2,0.6268714666366577,1,0
8108,1.0,0.06336025148630142,0,0
8110,3.0,0.8983926773071289,1,0
8117,3.0,0.2714320421218872,0,0
8118,6.2,0.06633496284484863,0,0
8120,0.0,0.07535415887832642,0,0
8122,4.3,0.38116276264190674,0,0
8124,12.7,0.4812512993812561,0,0
8136,5.5,0.006224418058991432,0,0
8140,100.0,0.07643084228038788,0,0
8141,4.5,0.0897112563252449,0,0
8146,6.1,0.14470051229000092,0,0
8147,5.4,0.05012910068035126,0,0
8152,4.0,0.5247017741203308,1,0
8157,10.0,0.008216646499931812,0,0
8170,18.3,0.2512430250644684,0,0
8171,6.4,0.5498679876327515,1,0
8175,8.1,0.02412901632487774,0,0
8177,12.2,0.21506032347679138,0,0
8183,2.6,0.2071102410554886,0,0
8191,7.4,0.8492453098297119,1,0
8202,7.1,0.15301454067230225,0,0
8205,15.6,0.01225582417100668,0,0
8208,7.7,0.15301454067230225,0,0
8212,2.3,0.8123939633369446,1,0
8215,1.8,0.24664855003356934,0,0
8219,4.9,0.06589410454034805,0,0
8222,1.3,0.2587742805480957,0,0
8228,29.4,0.5217977166175842,1,0
8234,6.8,0.4582599103450775,0,0
8236,1.8,0.004714841488748789,0,0
8242,3.0,0.10521287471055984,0,0
8246,7.6,0.04444697126746178,0,0
8251,3.6,0.10948902368545532,0,0
8255,22.9,0.12029476463794708,0,0
8261,5.3,0.05480829253792763,0,0
8266,0.0,0.1301090568304062,0,0
8267,32.8,0.17158448696136475,0,0
8272,3.2,0.06342451274394989,0,0
8278,18.1,0.3097967505455017,0,0
8281,16.4,0.0371064692735672,0,0
8283,7.1,0.1940833330154419,0,0
8284,1.6,0.09839630126953125,0,0
8287,10.9,0.24901191890239716,0,0
8293,8.2,0.42064884305000305,0,0
8294,29.4,0.7613269686698914,1,0
8301,0.0,0.3529606759548187,0,0
8302,3.8,0.27012374997138977,0,0
8304,8.7,0.6470664739608765,1,0
8314,7.1,0.05327624827623367,0,0
8324,3.5,0.24554435908794403,0,0
8325,3.4,0.8423317670822144,1,0
8327,6.3,0.6786389946937561,1,0
8330,1.8,0.6435179114341736,1,0
8342,3.8,0.3218006193637848,0,0
8343,3.4,0.45910030603408813,0,0
8345,6.4,0.6535488367080688,1,0
8348,3.5,0.28352823853492737,0,0
8354,4.1,0.6562421917915344,1,0
8356,10.0,0.7584053874015808,1,0
8367,2.0,0.7607422471046448,1,0
8368,5.6,0.10238631814718246,0,0
8369,1.4,0.6758149266242981,1,0
8373,26.3,0.7161740660667419,1,0
8374,1.7,0.6991451978683472,1,0
8376,7.1,0.24479103088378906,0,0
8385,11.3,0.1664223074913025,0,0
8389,9.4,0.09265818446874619,0,0
8391,3.6,0.10896921902894974,0,0
8394,5.9,0.06383001059293747,0,0
8397,3.5,0.009896442294120789,0,0
8417,7.6,0.3586098253726959,0,0
8419,11.4,0.03493562713265419,0,0
8420,19.7,0.027999181300401688,0,0
8421,16.2,0.818378746509552,1,0
8432,55.0,0.733346164226532,1,0
8436,11.3,0.03875822573900223,0,0
8440,1.9,0.6964800953865051,1,0
8444,22.1,0.7967543601989746,1,0
8445,11.6,0.3830225467681885,0,0
8446,3.0,0.3444227874279022,0,0
8448,10.3,0.02832537144422531,0,0
8449,8.2,0.38638925552368164,0,0
8457,4.5,0.7270254492759705,1,0
8461,4.2,0.4094589352607727,0,0
8465,25.0,0.4266311526298523,0,0
8472,27.0,0.7708321809768677,1,0
8474,9.9,0.049485813826322556,0,0
8476,13.3,0.06291987001895905,0,0
8486,6.2,0.38245803117752075,0,0
8490,9.6,0.6551309823989868,1,0
8495,6.1,0.3359778821468353,0,0
8498,1.9,0.2513233423233032,0,0
8502,12.5,0.7303506731987,1,0
8506,12.3,0.4507940709590912,0,0
8507,1.6,0.05023650452494621,0,0
8510,0.0,0.25540846586227417,0,0
8512,3.0,0.043000053614377975,0,0
8514,30.5,0.6776469945907593,1,0
8517,1.6,0.3871769607067108,0,0
8522,5.3,0.27448955178260803,0,0
8530,8.5,0.4380338191986084,0,0
8531,5.0,0.14395827054977417,0,0
8533,4.3,0.078793466091156,0,0
8546,6.8,0.6942389011383057,1,0
8556,16.1,0.0889720544219017,0,0
8561,5.6,0.4339774549007416,0,0
8572,5.0,0.3385407328605652,0,0
8577,8.9,0.7228108644485474,1,0
8579,7.3,0.3290577232837677,0,0
8581,11.8,0.04270615801215172,0,0
8582,4.9,0.19865961372852325,0,0
8584,12.5,0.7535346150398254,1,0
8596,6.6,0.8040423393249512,1,0
8597,5.8,0.05498137325048447,0,0
8600,10.0,0.502156138420105,1,0
8602,2.4,0.7033104300498962,1,0
8627,7.1,0.6503080129623413,1,0
8636,14.3,0.9212665557861328,1,0
8637,22.6,0.3048548102378845,0,0
8643,23.1,0.14686667919158936,0,0
8644,5.4,0.06195631995797157,0,0
8645,8.1,0.48005133867263794,0,0
8672,7.7,0.018565518781542778,0,0
8675,0.0,0.28763458132743835,0,0
8677,16.7,0.09735520929098129,0,0
8687,14.6,0.11105119436979294,0,0
8696,19.7,0.30491533875465393,0,0
8701,7.4,0.0604923851788044,0,0
8709,6.2,0.18639850616455078,0,0
8713,3.8,0.3367029130458832,0,0
8719,1.9,0.36167600750923157,0,0
8723,9.8,0.8091782331466675,1,0
8730,0.0,0.473392516374588,0,0
8735,23.3,0.035141199827194214,0,0
8736,2.1,0.22942496836185455,0,0
8737,23.3,0.012092066928744316,0,0
8743,20.0,0.6803247928619385,1,0
8744,3.9,0.0444435216486454,0,0
8746,12.9,0.3492652475833893,0,0
8748,7.5,0.42659682035446167,0,0
8756,49.2,0.6515295505523682,1,0
8762,2.4,0.03875822573900223,0,0
8763,5.4,0.5647113919258118,1,0
8766,0.0,0.32973095774650574,0,0
8769,3.0,0.03686772286891937,0,0
8772,5.9,0.024853017181158066,0,0
8775,3.8,0.32955190539360046,0,0
8777,2.5,0.4866843521595001,0,0
8791,12.1,0.29714423418045044,0,0
8797,12.8,0.6507925391197205,1,0
8798,0.0,0.37690192461013794,0,0
8812,3.3,0.6646715998649597,1,0
8818,2.9,0.7818341255187988,1,0
8823,22.7,0.6926118731498718,1,0
8840,7.0,0.06856827437877655,0,0
8843,1.6,0.03183300048112869,0,0
8847,7.4,0.6566160917282104,1,0
8850,19.3,0.6618727445602417,1,0
8851,1.9,0.7540255784988403,1,0
8854,1.7,0.6767112016677856,1,0
8863,12.1,0.22702078521251678,0,0
8874,26.9,0.01858227699995041,0,0
8876,8.0,0.376346230506897,0,0
8877,3.4,0.6575113534927368,1,0
8884,3.6,0.8346393704414368,1,0
8890,35.6,0.8171097636222839,1,0
8900,8.6,0.2655136287212372,0,0
8913,19.6,0.40436357259750366,0,0
8923,3.5,0.4866843521595001,0,0
8925,2.7,0.043222974985837936,0,0
8943,0.0,0.10498418658971786,0,0
8952,11.4,0.6783822774887085,1,0
8953,5.0,0.07368689030408859,0,0
8962,2.1,0.03387214243412018,0,0
8969,4.5,0.8063080906867981,1,0
8974,0.0,0.4166589677333832,0,0
8981,5.3,0.3183155357837677,0,0
8987,9.1,0.25020450353622437,0,0
8991,10.5,0.3245513141155243,0,0
8993,5.3,0.04120871424674988,0,0
9000,23.6,0.6736906170845032,1,0
9007,8.1,0.8634060621261597,1,0
9014,26.8,0.33429229259490967,0,0
9018,7.5,0.6764401793479919,1,0
9021,4.9,0.032139796763658524,0,0
9027,5.0,0.38245803117752075,0,0
9029,10.0,0.6424291729927063,1,0
9033,9.6,0.6327115297317505,1,0
9042,19.0,0.2735832929611206,0,0
9045,14.7,0.030664077028632164,0,0
9057,0.0,0.6155115365982056,1,0
9061,4.1,0.6491482257843018,1,0
9067,7.7,0.015114067122340202,0,0
9070,19.6,0.7655131220817566,1,0
9079,3.3,0.6241005659103394,1,0
9090,13.5,0.6498274803161621,1,0
9097,8.7,0.5875529050827026,1,0
9102,10.4,0.6733328104019165,1,0
9106,2.0,0.269968718290329,0,0
9107,3.1,0.2977457046508789,0,0
9115,5.5,0.19850629568099976,0,0
9117,7.8,0.7435694932937622,1,0
9123,1.7,0.6725271344184875,1,0
9124,2.3,0.6468496918678284,1,0
9131,8.9,0.01593245565891266,0,0
9132,1.7,0.06392131745815277,0,0
9134,48.3,0.5576913356781006,1,0
9136,0.0,0.2644389867782593,0,0
9138,9.1,0.057064201682806015,0,0
9142,5.6,0.31144240498542786,0,0
9143,13.3,0.37310341000556946,0,0
9146,5.6,0.4275814890861511,0,0
9149,1.6,0.4150876998901367,0,0
9156,4.3,0.6237836480140686,1,0
9158,3.2,0.6401163935661316,1,0
9160,6.5,0.034145619720220566,0,0
9164,1.5,0.6219242215156555,1,0
9167,15.8,0.6498268842697144,1,0
9170,8.3,0.21841961145401,0,0
9171,6.9,0.6899994611740112,1,0
9175,6.4,0.632188618183136,1,0
9178,3.5,0.6617746949195862,1,0
9185,1.9,0.6810542345046997,1,0
9186,20.0,0.6775158047676086,1,0
9188,9.8,0.04034722223877907,0,0
9191,9.1,0.6742610931396484,1,0
9199,13.9,0.7111042141914368,1,0
9202,31.8,0.7529321312904358,1,0
9206,11.1,0.09858990460634232,0,0
9208,4.5,0.7925117611885071,1,0
9218,9.2,0.07452084124088287,0,0
9249,1.9,0.035786222666502,0,0
9261,17.2,0.6468496918678284,1,0
9268,7.4,0.6803247928619385,1,0
9276,14.8,0.03958370164036751,0,0
9282,1.6,0.7129023671150208,1,0
9285,5.3,0.6953142285346985,1,0
9297,1.9,0.7562752962112427,1,0
9298,6.2,0.23879440128803253,0,0
9300,2.9,0.8093137145042419,1,0
9312,4.0,0.09618490189313889,0,0
9330,14.9,0.03420943021774292,0,0
9332,4.3,0.6874468326568604,1,0
9338,2.8,0.7480672597885132,1,0
9341,53.8,0.618769645690918,1,0
9344,11.9,0.6767064332962036,1,0
9345,20.4,0.9270179271697998,1,0
9351,7.4,0.7741995453834534,1,0
9355,0.0,0.637328028678894,1,0
9360,7.0,0.8014478087425232,1,0
9363,9.2,0.773095428943634,1,0
9364,9.1,0.047575727105140686,0,0
9366,0.0,0.6606802940368652,1,0
9367,0.0,0.6783265471458435,1,0
9370,14.0,0.6164751648902893,1,0
9372,0.0,0.7815945148468018,1,0
9379,13.0,0.6770524978637695,1,0
9380,19.7,0.6175234913825989,1,0
9383,9.4,0.8104346990585327,1,0
9389,20.3,0.036298803985118866,0,0
9394,2.2,0.68100506067276,1,0
9398,9.8,0.113129623234272,0,0
9413,6.0,0.8017148375511169,1,0
9417,5.8,0.6752837300300598,1,0
9426,7.0,0.6533095836639404,1,0
9429,6.2,0.7793560028076172,1,0
9432,7.2,0.051241785287857056,0,0
9433,1.2,0.01916847936809063,0,0
9448,60.6,0.07060782611370087,0,0
9452,0.0,0.6777957081794739,1,0
9464,7.9,0.6776126027107239,1,0
9465,13.1,0.747548520565033,1,0
9469,5.5,0.7882204651832581,1,0
9474,3.2,0.04034722223877907,0,0
9481,7.1,0.04579221084713936,0,0
9485,18.4,0.8001632690429688,1,0
9486,32.6,0.07625899463891983,0,0
9488,19.4,0.6899994611740112,1,0
9491,5.4,0.02334785647690296,0,0
9492,5.0,0.021430140361189842,0,0
9493,2.6,0.13281194865703583,0,0
9495,1.5,0.03711293265223503,0,0
9496,2.0,0.03784386068582535,0,0
9498,7.5,0.9504113793373108,1,0
9499,3.1,0.6775158047676086,1,0
9508,14.0,0.03945472463965416,0,0
9514,5.5,0.8038280606269836,1,0
9516,7.5,0.07512349635362625,0,0
9517,9.1,0.6562421917915344,1,0
9521,13.0,0.07228098064661026,0,0
9531,10.2,0.19653791189193726,0,0
9535,19.8,0.7327115535736084,1,0
9536,8.5,0.7809299826622009,1,0
9543,14.7,0.04270615801215172,0,0
9548,1.2,0.03909449279308319,0,0
9551,0.0,0.06893061101436615,0,0
9555,2.1,0.7908878922462463,1,0
9558,12.9,0.09970345348119736,0,0
9564,3.6,0.7732617259025574,1,0
9565,8.5,0.6739070415496826,1,0
9567,10.5,0.6683701872825623,1,0
9569,3.8,0.5776634812355042,1,0
9571,3.5,0.047575727105140686,0,0
9579,13.3,0.0370536744594574,0,0
9583,3.3,0.8069044351577759,1,0
9586,5.8,0.6411700248718262,1,0
9591,31.8,0.795806884765625,1,0
9592,1.6,0.6551309823989868,1,0
9598,14.3,0.04934515431523323,0,0
9600,3.5,0.07515563070774078,0,0
9612,9.1,0.7075619101524353,1,0
9618,7.9,0.7261276841163635,1,0
9634,5.8,0.7743302583694458,1,0
9636,6.1,0.6048784852027893,1,0
9639,6.7,0.7860181927680969,1,0
9642,3.1,0.1147693395614624,0,0
9655,9.3,0.7485512495040894,1,0
9658,11.8,0.6646736860275269,1,0
9659,4.4,0.6775158047676086,1,0
9665,10.6,0.8161791563034058,1,0
9668,7.9,0.8038280606269836,1,0
9671,27.6,0.07664253562688828,0,0
9682,4.1,0.5762210488319397,1,0
9702,11.1,0.0604923851788044,0,0
9706,19.7,0.6926118731498718,1,0
9723,8.9,0.7654997706413269,1,0
9725,0.0,0.7975298166275024,1,0
9727,11.2,0.32543912529945374,0,0
9728,7.1,0.029669025912880898,0,0
9731,13.6,0.7788650393486023,1,0
9735,26.5,0.04579221084713936,0,0
9736,10.9,0.6782695055007935,1,0
9737,20.7,0.6800304055213928,1,0
9738,6.7,0.7110322713851929,1,0
9742,7.1,0.6674267053604126,1,0
9744,16.3,0.6846196055412292,1,0
9779,9.4,0.7229945659637451,1,0
9780,15.8,0.657065212726593,1,0
9784,26.7,0.6633235216140747,1,0
9787,6.2,0.07452084124088287,0,0
9795,6.8,0.5894522070884705,1,0
9798,5.5,0.04139767959713936,0,0
9806,7.4,0.9190963506698608,1,0
9807,17.2,0.6398633122444153,1,0
9818,5.1,0.6770966649055481,1,0
9820,0.0,0.03875822573900223,0,0
9823,10.0,0.17923425137996674,0,0
9828,8.6,0.04747804254293442,0,0
9836,16.7,0.09437980502843857,0,0
9843,27.6,0.6724129915237427,1,0
9844,5.4,0.01522162277251482,0,0
9850,0.0,0.10452919453382492,0,0
9852,7.4,0.11131811887025833,0,0
9853,6.3,0.6574748158454895,1,0
9857,15.5,0.03912951797246933,0,0
9859,39.7,0.616952121257782,1,0
9864,3.9,0.64006108045578,1,0
9869,13.2,0.08566924929618835,0,0
9875,9.7,0.7842197418212891,1,0
9879,27.6,0.8045196533203125,1,0
9882,5.0,0.6580031514167786,1,0
9887,5.2,0.04913651570677757,0,0
9891,26.5,0.025393513962626457,0,0
9896,19.0,0.6411700248718262,1,0
9903,7.1,0.8124925494194031,1,0
9911,0.0,0.8007529377937317,1,0
9912,1.7,0.8038861155509949,1,0
9927,1.9,0.04983275756239891,0,0
9934,3.1,0.7523344159126282,1,0
9938,12.5,0.7677562832832336,1,0
9946,5.9,0.6511483788490295,1,0
9947,0.0,0.09889853745698929,0,0
9949,15.6,0.6580031514167786,1,0
9950,2.3,0.6707450151443481,1,0
9953,7.1,0.6580031514167786,1,0
9955,5.9,0.07484138011932373,0,0
9960,14.8,0.7914925217628479,1,0
9971,3.7,0.6113377809524536,1,0
9980,0.0,0.04270615801215172,0,0
9985,6.2,0.6666865348815918,1,0
9986,3.0,0.7505967020988464,1,0
9992,15.4,0.8107378482818604,1,0
9994,4.3,0.21590416133403778,0,0
